workerid,proliferate.condition,exposure8Resp,error
495,Condition.54_M_L_A_Sh_01_B_0_1,"exposure8,0,6,Filler_N.Bamtell.M.L_W.Tactical.F.R.wav,77,non-word,1678210936801,1678210939226,2425,,false;exposure8,1,1,Critical_S.Eraser.M.L_Sh.Publisher.F.R.wav,88,word,1678210940236,1678210942347,2111,,false;exposure8,2,5,Filler_N.Baliber.F.L_W.Purgatory.M.R.wav,88,word,1678210943352,1678210945304,1952,,false;exposure8,3,4,Filler_W.Illuminate.F.L_N.Niritaly.M.R.wav,77,non-word,1678210946313,1678210948468,2155,,false;exposure8,4,7,Filler_W.Terminal.F.L_N.Bowidai.M.R.wav,77,non-word,1678210949474,1678210951595,2121,,false;exposure8,5,0,Critical_Ash.Flourishing.M.L_As.Arkansas.F.R.wav,88,word,1678210952602,1678210955529,2927,,false;exposure8,6,3,Filler_N.Nempring.M.L_W.Identical.F.R.wav,77,non-word,1678210956536,1678210958903,2367,,false;exposure8,7,2,Filler_N.Nomerae.F.L_W.Hamburger.M.R.wav,88,word,1678210959913,1678210961768,1855,,false;",
451,Condition.47_M_L_A_S_05_B_1_0,"exposure8,0,2,Filler_N.Tilegkalo.F.L_W.Camera.M.R.wav,77,word,1678155677334,1678155679052,1718,,false;exposure8,1,5,Filler_N.Hintarber.F.L_W.Melancholy.M.R.wav,77,word,1678155680064,1678155681636,1572,,false;exposure8,2,6,Filler_N.Ibirak.M.L_W.Negate.F.R.wav,88,non-word,1678155682654,1678155684269,1615,,false;exposure8,3,3,Filler_N.Ryligal.M.L_W.Continually.F.R.wav,88,non-word,1678155685275,1678155687014,1739,,false;exposure8,4,4,Filler_W.Domineering.F.L_N.Tamical.M.R.wav,88,non-word,1678155688025,1678155689630,1605,,false;exposure8,5,7,Filler_W.Nightmare.F.L_N.Gerbualo.M.R.wav,88,non-word,1678155690636,1678155692318,1682,,false;exposure8,6,0,Critical_As.Medicine.M.L_Ash.Brochure.F.R.wav,77,word,1678155693326,1678155694862,1536,,false;exposure8,7,1,Critical_Sh.Negotiate.M.L_S.Embassy.F.R.wav,77,word,1678155695876,1678155697511,1635,,false;",
445,Condition.61_M_L_A_Sh_05_B_0_0,"exposure8,0,3,Filler_N.Ryligal.M.L_W.Continually.F.R.wav,77,non-word,1678154726488,1678154728454,1966,,false;exposure8,1,2,Filler_N.Tilegkalo.F.L_W.Camera.M.R.wav,88,word,1678154729471,1678154731072,1601,,false;exposure8,2,0,Critical_Ash.Brochure.M.L_As.Medicine.F.R.wav,88,word,1678154732082,1678154733831,1749,,false;exposure8,3,7,Filler_W.Nightmare.F.L_N.Gerbualo.M.R.wav,77,non-word,1678154734848,1678154736718,1870,,false;exposure8,4,1,Critical_S.Embassy.M.L_Sh.Negotiate.F.R.wav,88,word,1678154737728,1678154740069,2341,,false;exposure8,5,4,Filler_W.Domineering.F.L_N.Tamical.M.R.wav,77,non-word,1678154741081,1678154743549,2468,,false;exposure8,6,5,Filler_N.Hintarber.F.L_W.Melancholy.M.R.wav,88,word,1678154744564,1678154746366,1802,,false;exposure8,7,6,Filler_N.Ibirak.M.L_W.Negate.F.R.wav,77,non-word,1678154747380,1678154749239,1859,,false;",
455,Condition.49_M_L_A_Sh_01_A_0_0,"exposure8,0,5,Filler_N.Baliber.F.L_W.Purgatory.M.R.wav,88,word,1678208684090,1678208685529,1439,,false;exposure8,1,2,Filler_N.Nomerae.F.L_W.Hamburger.M.R.wav,88,word,1678208686537,1678208687939,1402,,false;exposure8,2,0,Critical_Ash.Flourishing.M.L_As.Arkansas.F.R.wav,88,word,1678208688946,1678208690543,1597,,false;exposure8,3,7,Filler_W.Terminal.F.L_N.Bowidai.M.R.wav,77,non-word,1678208691551,1678208692998,1447,,false;exposure8,4,1,Critical_S.Eraser.M.L_Sh.Publisher.F.R.wav,88,word,1678208694006,1678208695596,1590,,false;exposure8,5,4,Filler_W.Illuminate.F.L_N.Niritaly.M.R.wav,77,non-word,1678208696606,1678208698305,1699,,false;exposure8,6,6,Filler_N.Bamtell.M.L_W.Tactical.F.R.wav,77,non-word,1678208699314,1678208701435,2121,,false;exposure8,7,3,Filler_N.Nempring.M.L_W.Identical.F.R.wav,77,non-word,1678208702451,1678208704475,2024,,false;",
493,Condition.57_M_L_A_Sh_05_A_0_0,"exposure8,0,5,Filler_N.Hintarber.F.L_W.Melancholy.M.R.wav,88,word,1678210743660,1678210745220,1560,,false;exposure8,1,0,Critical_Ash.Brochure.M.L_As.Medicine.F.R.wav,88,word,1678210746223,1678210747624,1401,,false;exposure8,2,7,Filler_W.Nightmare.F.L_N.Gerbualo.M.R.wav,77,non-word,1678210748626,1678210750225,1599,,false;exposure8,3,4,Filler_W.Domineering.F.L_N.Tamical.M.R.wav,77,non-word,1678210751227,1678210752827,1600,,false;exposure8,4,1,Critical_S.Embassy.M.L_Sh.Negotiate.F.R.wav,88,word,1678210753830,1678210755250,1420,,false;exposure8,5,6,Filler_N.Ibirak.M.L_W.Negate.F.R.wav,77,non-word,1678210756253,1678210757787,1534,,false;exposure8,6,2,Filler_N.Tilegkalo.F.L_W.Camera.M.R.wav,77,non-word,1678210758790,1678210760462,1672,,false;exposure8,7,3,Filler_N.Ryligal.M.L_W.Continually.F.R.wav,77,non-word,1678210761466,1678210763223,1757,,false;",
535,Condition.34_M_L_A_S_01_A_0_1,"exposure8,0,5,Filler_N.Baliber.F.L_W.Purgatory.M.R.wav,88,word,1678211946321,1678211948110,1789,,false;exposure8,1,6,Filler_N.Bamtell.M.L_W.Tactical.F.R.wav,77,non-word,1678211949115,1678211950702,1587,,false;exposure8,2,0,Critical_As.Arkansas.M.L_Ash.Flourishing.F.R.wav,88,word,1678211951715,1678211953822,2107,,false;exposure8,3,2,Filler_N.Nomerae.F.L_W.Hamburger.M.R.wav,88,word,1678211954832,1678211957742,2910,,false;exposure8,4,4,Filler_W.Illuminate.F.L_N.Niritaly.M.R.wav,77,non-word,1678211958759,1678211960662,1903,,false;exposure8,5,7,Filler_W.Terminal.F.L_N.Bowidai.M.R.wav,77,non-word,1678211961668,1678211963150,1482,,false;exposure8,6,3,Filler_N.Nempring.M.L_W.Identical.F.R.wav,88,word,1678211964164,1678211965997,1833,,false;exposure8,7,1,Critical_Sh.Publisher.M.L_S.Eraser.F.R.wav,88,word,1678211967001,1678211970542,3541,,false;",
546,Condition.15_F_L_A_S_05_B_1_0,"exposure8,0,4,Filler_W.Domineering.M.L_N.Tamical.F.R.wav,88,non-word,1678212081803,1678212085912,4109,,false;exposure8,1,1,Critical_Sh.Negotiate.F.L_S.Embassy.M.R.wav,77,word,1678212086922,1678212090301,3379,,false;exposure8,2,5,Filler_N.Hintarber.M.L_W.Melancholy.F.R.wav,77,word,1678212091304,1678212094881,3577,,false;exposure8,3,6,Filler_N.Ibirak.F.L_W.Negate.M.R.wav,88,non-word,1678212095890,1678212099333,3443,,false;exposure8,4,7,Filler_W.Nightmare.M.L_N.Gerbualo.F.R.wav,88,non-word,1678212100342,1678212103336,2994,,false;exposure8,5,0,Critical_As.Medicine.F.L_Ash.Brochure.M.R.wav,77,word,1678212104341,1678212107091,2750,,false;exposure8,6,3,Filler_N.Ryligal.F.L_W.Continually.M.R.wav,88,non-word,1678212108104,1678212111258,3154,,false;exposure8,7,2,Filler_N.Tilegkalo.M.L_W.Camera.F.R.wav,88,non-word,1678212112264,1678212115737,3473,,false;",
544,Condition.58_M_L_A_Sh_05_A_0_1,"exposure8,0,0,Critical_Ash.Brochure.M.L_As.Medicine.F.R.wav,88,word,1678211799494,1678211801615,2121,,false;exposure8,1,1,Critical_S.Embassy.M.L_Sh.Negotiate.F.R.wav,88,word,1678211802616,1678211805231,2615,,false;exposure8,2,4,Filler_W.Domineering.F.L_N.Tamical.M.R.wav,77,non-word,1678211806233,1678211808168,1935,,false;exposure8,3,5,Filler_N.Hintarber.F.L_W.Melancholy.M.R.wav,88,word,1678211809170,1678211810732,1562,,false;exposure8,4,7,Filler_W.Nightmare.F.L_N.Gerbualo.M.R.wav,77,non-word,1678211811734,1678211813364,1630,,false;exposure8,5,2,Filler_N.Tilegkalo.F.L_W.Camera.M.R.wav,88,word,1678211814366,1678211816696,2330,,false;exposure8,6,3,Filler_N.Ryligal.M.L_W.Continually.F.R.wav,77,non-word,1678211817699,1678211819714,2015,,false;exposure8,7,6,Filler_N.Ibirak.M.L_W.Negate.F.R.wav,77,non-word,1678211820716,1678211822364,1648,,false;",
501,Condition.8_F_L_A_S_01_B_1_1,"exposure8,0,4,Filler_W.Illuminate.M.L_N.Niritaly.F.R.wav,77,word,1678211132526,1678211137599,5073,,false;exposure8,1,3,Filler_N.Nempring.F.L_W.Identical.M.R.wav,77,word,1678211138612,1678211140684,2072,,false;exposure8,2,7,Filler_W.Terminal.M.L_N.Bowidai.F.R.wav,88,non-word,1678211141705,1678211144368,2663,,false;exposure8,3,1,Critical_Sh.Publisher.F.L_S.Eraser.M.R.wav,88,non-word,1678211145382,1678211149208,3826,,false;exposure8,4,2,Filler_N.Nomerae.M.L_W.Hamburger.F.R.wav,77,word,1678211150224,1678211152600,2376,,false;exposure8,5,0,Critical_As.Arkansas.F.L_Ash.Flourishing.M.R.wav,88,non-word,1678211153615,1678211155791,2176,,false;exposure8,6,5,Filler_N.Baliber.M.L_W.Purgatory.F.R.wav,77,word,1678211156812,1678211158656,1844,,false;exposure8,7,6,Filler_N.Bamtell.F.L_W.Tactical.M.R.wav,77,word,1678211159666,1678211161784,2118,,false;",
531,Condition.41_M_L_A_S_05_A_0_0,"exposure8,0,4,Filler_W.Domineering.F.L_N.Tamical.M.R.wav,77,non-word,1678211551323,1678211553567,2244,,false;exposure8,1,5,Filler_N.Hintarber.F.L_W.Melancholy.M.R.wav,88,word,1678211554571,1678211556623,2052,,false;exposure8,2,7,Filler_W.Nightmare.F.L_N.Gerbualo.M.R.wav,77,non-word,1678211557631,1678211559630,1999,,false;exposure8,3,3,Filler_N.Ryligal.M.L_W.Continually.F.R.wav,77,non-word,1678211560632,1678211562767,2135,,false;exposure8,4,2,Filler_N.Tilegkalo.F.L_W.Camera.M.R.wav,77,non-word,1678211563769,1678211566030,2261,,false;exposure8,5,1,Critical_Sh.Negotiate.M.L_S.Embassy.F.R.wav,88,word,1678211567039,1678211568991,1952,,false;exposure8,6,0,Critical_As.Medicine.M.L_Ash.Brochure.F.R.wav,88,word,1678211569995,1678211571887,1892,,false;exposure8,7,6,Filler_N.Ibirak.M.L_W.Negate.F.R.wav,77,non-word,1678211572889,1678211574815,1926,,false;",
490,Condition.21_F_L_A_Sh_01_B_0_0,"exposure8,0,4,Filler_W.Illuminate.M.L_N.Niritaly.F.R.wav,77,non-word,1678210917692,1678210919411,1719,,false;exposure8,1,7,Filler_W.Terminal.M.L_N.Bowidai.F.R.wav,77,non-word,1678210920422,1678210922468,2046,,false;exposure8,2,3,Filler_N.Nempring.F.L_W.Identical.M.R.wav,77,non-word,1678210923481,1678210925157,1676,,false;exposure8,3,6,Filler_N.Bamtell.F.L_W.Tactical.M.R.wav,77,non-word,1678210926171,1678210927870,1699,,false;exposure8,4,1,Critical_S.Eraser.F.L_Sh.Publisher.M.R.wav,88,word,1678210928881,1678210930370,1489,,false;exposure8,5,2,Filler_N.Nomerae.M.L_W.Hamburger.F.R.wav,88,word,1678210931394,1678210933312,1918,,false;exposure8,6,5,Filler_N.Baliber.M.L_W.Purgatory.F.R.wav,88,word,1678210934324,1678210936134,1810,,false;exposure8,7,0,Critical_Ash.Flourishing.F.L_As.Arkansas.M.R.wav,88,word,1678210937163,1678210938979,1816,,false;",
461,Condition.31_F_L_A_Sh_05_B_1_0,"exposure8,0,6,Filler_N.Ibirak.F.L_W.Negate.M.R.wav,88,non-word,1678209322719,1678209326457,3738,,false;exposure8,1,7,Filler_W.Nightmare.M.L_N.Gerbualo.F.R.wav,88,non-word,1678209327473,1678209330150,2677,,false;exposure8,2,0,Critical_Ash.Brochure.F.L_As.Medicine.M.R.wav,88,non-word,1678209331163,1678209333755,2592,,false;exposure8,3,5,Filler_N.Hintarber.M.L_W.Melancholy.F.R.wav,77,word,1678209334766,1678209336643,1877,,false;exposure8,4,4,Filler_W.Domineering.M.L_N.Tamical.F.R.wav,77,word,1678209337660,1678209339748,2088,,false;exposure8,5,1,Critical_S.Embassy.F.L_Sh.Negotiate.M.R.wav,88,non-word,1678209340764,1678209344167,3403,,false;exposure8,6,3,Filler_N.Ryligal.F.L_W.Continually.M.R.wav,77,word,1678209345178,1678209348465,3287,,false;exposure8,7,2,Filler_N.Tilegkalo.M.L_W.Camera.F.R.wav,77,word,1678209349478,1678209352186,2708,,false;",
539,Condition.7_F_L_A_S_01_B_1_0,"exposure8,0,0,Critical_As.Arkansas.F.L_Ash.Flourishing.M.R.wav,77,word,1678212330454,1678212334086,3632,,false;exposure8,1,2,Filler_N.Nomerae.M.L_W.Hamburger.F.R.wav,77,word,1678212335089,1678212336628,1539,,false;exposure8,2,4,Filler_W.Illuminate.M.L_N.Niritaly.F.R.wav,88,non-word,1678212337630,1678212339143,1513,,false;exposure8,3,6,Filler_N.Bamtell.F.L_W.Tactical.M.R.wav,88,non-word,1678212340159,1678212341941,1782,,false;exposure8,4,5,Filler_N.Baliber.M.L_W.Purgatory.F.R.wav,77,word,1678212342942,1678212344527,1585,,false;exposure8,5,3,Filler_N.Nempring.F.L_W.Identical.M.R.wav,88,non-word,1678212345531,1678212347063,1532,,false;exposure8,6,7,Filler_W.Terminal.M.L_N.Bowidai.F.R.wav,88,non-word,1678212348069,1678212350410,2341,,false;exposure8,7,1,Critical_Sh.Publisher.F.L_S.Eraser.M.R.wav,77,word,1678212351423,1678212353314,1891,,false;",
533,Condition.12_F_L_A_S_05_A_1_1,"exposure8,0,7,Filler_W.Nightmare.M.L_N.Gerbualo.F.R.wav,88,non-word,1678211623405,1678211625224,1819,,false;exposure8,1,1,Critical_Sh.Negotiate.F.L_S.Embassy.M.R.wav,77,word,1678211626240,1678211628160,1920,,false;exposure8,2,0,Critical_As.Medicine.F.L_Ash.Brochure.M.R.wav,77,word,1678211629168,1678211630936,1768,,false;exposure8,3,4,Filler_W.Domineering.M.L_N.Tamical.F.R.wav,88,non-word,1678211631950,1678211633697,1747,,false;exposure8,4,5,Filler_N.Hintarber.M.L_W.Melancholy.F.R.wav,77,word,1678211634704,1678211636424,1720,,false;exposure8,5,2,Filler_N.Tilegkalo.M.L_W.Camera.F.R.wav,88,non-word,1678211637436,1678211639760,2324,,false;exposure8,6,6,Filler_N.Ibirak.F.L_W.Negate.M.R.wav,88,non-word,1678211640767,1678211642776,2009,,false;exposure8,7,3,Filler_N.Ryligal.F.L_W.Continually.M.R.wav,88,non-word,1678211643781,1678211645760,1979,,false;",
509,Condition.12_F_L_A_S_05_A_1_1,"exposure8,0,5,Filler_N.Hintarber.M.L_W.Melancholy.F.R.wav,77,word,1678211066359,1678211068126,1767,,false;exposure8,1,2,Filler_N.Tilegkalo.M.L_W.Camera.F.R.wav,77,word,1678211069134,1678211070871,1737,,false;exposure8,2,4,Filler_W.Domineering.M.L_N.Tamical.F.R.wav,88,non-word,1678211071873,1678211073696,1823,,false;exposure8,3,3,Filler_N.Ryligal.F.L_W.Continually.M.R.wav,88,non-word,1678211074705,1678211076599,1894,,false;exposure8,4,6,Filler_N.Ibirak.F.L_W.Negate.M.R.wav,88,non-word,1678211077619,1678211079300,1681,,false;exposure8,5,7,Filler_W.Nightmare.M.L_N.Gerbualo.F.R.wav,88,non-word,1678211080310,1678211082130,1820,,false;exposure8,6,1,Critical_Sh.Negotiate.F.L_S.Embassy.M.R.wav,77,word,1678211083134,1678211084974,1840,,false;exposure8,7,0,Critical_As.Medicine.F.L_Ash.Brochure.M.R.wav,77,word,1678211085990,1678211087749,1759,,false;",
446,Condition.20_F_L_A_Sh_01_A_1_1,"exposure8,0,2,Filler_N.Nomerae.M.L_W.Hamburger.F.R.wav,77,word,1678154815269,1678154816707,1438,,false;exposure8,1,4,Filler_W.Illuminate.M.L_N.Niritaly.F.R.wav,88,non-word,1678154817710,1678154819461,1751,,false;exposure8,2,0,Critical_Ash.Flourishing.F.L_As.Arkansas.M.R.wav,88,non-word,1678154820469,1678154822162,1693,,false;exposure8,3,3,Filler_N.Nempring.F.L_W.Identical.M.R.wav,88,non-word,1678154823169,1678154825000,1831,,false;exposure8,4,1,Critical_S.Eraser.F.L_Sh.Publisher.M.R.wav,88,non-word,1678154826007,1678154828179,2172,,false;exposure8,5,7,Filler_W.Terminal.M.L_N.Bowidai.F.R.wav,88,non-word,1678154829187,1678154830522,1335,,false;exposure8,6,5,Filler_N.Baliber.M.L_W.Purgatory.F.R.wav,77,word,1678154831528,1678154833025,1497,,false;exposure8,7,6,Filler_N.Bamtell.F.L_W.Tactical.M.R.wav,88,non-word,1678154834030,1678154835847,1817,,false;",
483,Condition.40_M_L_A_S_01_B_1_1,"exposure8,0,6,Filler_N.Bamtell.M.L_W.Tactical.F.R.wav,88,non-word,1678210427832,1678210430102,2270,,false;exposure8,1,5,Filler_N.Baliber.F.L_W.Purgatory.M.R.wav,77,word,1678210431123,1678210432677,1554,,false;exposure8,2,7,Filler_W.Terminal.F.L_N.Bowidai.M.R.wav,88,non-word,1678210433692,1678210435303,1611,,false;exposure8,3,3,Filler_N.Nempring.M.L_W.Identical.F.R.wav,88,non-word,1678210436314,1678210437981,1667,,false;exposure8,4,0,Critical_As.Arkansas.M.L_Ash.Flourishing.F.R.wav,77,word,1678210438993,1678210440428,1435,,false;exposure8,5,1,Critical_Sh.Publisher.M.L_S.Eraser.F.R.wav,77,word,1678210441438,1678210442852,1414,,false;exposure8,6,2,Filler_N.Nomerae.F.L_W.Hamburger.M.R.wav,77,word,1678210443870,1678210445365,1495,,false;exposure8,7,4,Filler_W.Illuminate.F.L_N.Niritaly.M.R.wav,88,non-word,1678210446374,1678210448213,1839,,false;",
534,Condition.30_F_L_A_Sh_05_B_0_1,"exposure8,0,2,Filler_N.Tilegkalo.M.L_W.Camera.F.R.wav,88,word,1678211509875,1678211511738,1863,,false;exposure8,1,7,Filler_W.Nightmare.M.L_N.Gerbualo.F.R.wav,77,non-word,1678211512750,1678211514447,1697,,false;exposure8,2,0,Critical_Ash.Brochure.F.L_As.Medicine.M.R.wav,88,word,1678211515455,1678211517109,1654,,false;exposure8,3,5,Filler_N.Hintarber.M.L_W.Melancholy.F.R.wav,88,word,1678211518113,1678211519937,1824,,false;exposure8,4,4,Filler_W.Domineering.M.L_N.Tamical.F.R.wav,77,non-word,1678211520944,1678211522635,1691,,false;exposure8,5,6,Filler_N.Ibirak.F.L_W.Negate.M.R.wav,77,non-word,1678211523651,1678211525359,1708,,false;exposure8,6,3,Filler_N.Ryligal.F.L_W.Continually.M.R.wav,77,non-word,1678211526374,1678211528146,1772,,false;exposure8,7,1,Critical_S.Embassy.F.L_Sh.Negotiate.M.R.wav,88,word,1678211529157,1678211530859,1702,,false;",
481,Condition.42_M_L_A_S_05_A_0_1,"exposure8,0,6,Filler_N.Ibirak.M.L_W.Negate.F.R.wav,77,non-word,1678210339659,1678210341279,1620,,false;exposure8,1,4,Filler_W.Domineering.F.L_N.Tamical.M.R.wav,77,non-word,1678210342299,1678210344361,2062,,false;exposure8,2,0,Critical_As.Medicine.M.L_Ash.Brochure.F.R.wav,88,word,1678210345377,1678210347003,1626,,false;exposure8,3,3,Filler_N.Ryligal.M.L_W.Continually.F.R.wav,77,non-word,1678210348019,1678210350171,2152,,false;exposure8,4,2,Filler_N.Tilegkalo.F.L_W.Camera.M.R.wav,88,word,1678210351180,1678210352746,1566,,false;exposure8,5,7,Filler_W.Nightmare.F.L_N.Gerbualo.M.R.wav,77,non-word,1678210353750,1678210355255,1505,,false;exposure8,6,1,Critical_Sh.Negotiate.M.L_S.Embassy.F.R.wav,88,word,1678210356270,1678210357753,1483,,false;exposure8,7,5,Filler_N.Hintarber.F.L_W.Melancholy.M.R.wav,88,word,1678210358759,1678210361106,2347,,false;",
523,Condition.23_F_L_A_Sh_01_B_1_0,"exposure8,0,3,Filler_N.Nempring.F.L_W.Identical.M.R.wav,88,non-word,1678211570392,1678211572227,1835,,false;exposure8,1,7,Filler_W.Terminal.M.L_N.Bowidai.F.R.wav,88,non-word,1678211573242,1678211574912,1670,,false;exposure8,2,1,Critical_S.Eraser.F.L_Sh.Publisher.M.R.wav,77,word,1678211575927,1678211578313,2386,,false;exposure8,3,5,Filler_N.Baliber.M.L_W.Purgatory.F.R.wav,77,word,1678211579357,1678211581189,1832,,false;exposure8,4,2,Filler_N.Nomerae.M.L_W.Hamburger.F.R.wav,77,word,1678211582197,1678211583977,1780,,false;exposure8,5,4,Filler_W.Illuminate.M.L_N.Niritaly.F.R.wav,88,non-word,1678211584991,1678211587040,2049,,false;exposure8,6,0,Critical_Ash.Flourishing.F.L_As.Arkansas.M.R.wav,77,word,1678211588046,1678211590313,2267,,false;exposure8,7,6,Filler_N.Bamtell.F.L_W.Tactical.M.R.wav,88,non-word,1678211591325,1678211592986,1661,,false;",
517,Condition.23_F_L_A_Sh_01_B_1_0,"exposure8,0,5,Filler_N.Baliber.M.L_W.Purgatory.F.R.wav,77,word,1678211810992,1678211813102,2110,,false;exposure8,1,7,Filler_W.Terminal.M.L_N.Bowidai.F.R.wav,88,non-word,1678211814112,1678211816075,1963,,false;exposure8,2,0,Critical_Ash.Flourishing.F.L_As.Arkansas.M.R.wav,77,word,1678211817085,1678211818699,1614,,false;exposure8,3,6,Filler_N.Bamtell.F.L_W.Tactical.M.R.wav,88,non-word,1678211819701,1678211822626,2925,,false;exposure8,4,3,Filler_N.Nempring.F.L_W.Identical.M.R.wav,88,non-word,1678211823636,1678211825258,1622,,false;exposure8,5,1,Critical_S.Eraser.F.L_Sh.Publisher.M.R.wav,77,word,1678211826266,1678211828130,1864,,false;exposure8,6,4,Filler_W.Illuminate.M.L_N.Niritaly.F.R.wav,88,non-word,1678211829138,1678211831168,2030,,false;exposure8,7,2,Filler_N.Nomerae.M.L_W.Hamburger.F.R.wav,77,word,1678211832173,1678211834105,1932,,false;",
469,Condition.62_M_L_A_Sh_05_B_0_1,"exposure8,0,2,Filler_N.Tilegkalo.F.L_W.Camera.M.R.wav,88,word,1678209623360,1678209625030,1670,,false;exposure8,1,3,Filler_N.Ryligal.M.L_W.Continually.F.R.wav,77,non-word,1678209626047,1678209627761,1714,,false;exposure8,2,0,Critical_Ash.Brochure.M.L_As.Medicine.F.R.wav,77,non-word,1678209628776,1678209630652,1876,,false;exposure8,3,7,Filler_W.Nightmare.F.L_N.Gerbualo.M.R.wav,77,non-word,1678209631662,1678209633451,1789,,false;exposure8,4,5,Filler_N.Hintarber.F.L_W.Melancholy.M.R.wav,88,word,1678209634456,1678209636118,1662,,false;exposure8,5,1,Critical_S.Embassy.M.L_Sh.Negotiate.F.R.wav,88,word,1678209637125,1678209638942,1817,,false;exposure8,6,6,Filler_N.Ibirak.M.L_W.Negate.F.R.wav,77,non-word,1678209639948,1678209641390,1442,,false;exposure8,7,4,Filler_W.Domineering.F.L_N.Tamical.M.R.wav,77,non-word,1678209642400,1678209644015,1615,,false;",
452,Condition.52_M_L_A_Sh_01_A_1_1,"exposure8,0,7,Filler_W.Terminal.F.L_N.Bowidai.M.R.wav,88,non-word,1678160227440,1678160229446,2006,,false;exposure8,1,4,Filler_W.Illuminate.F.L_N.Niritaly.M.R.wav,88,non-word,1678160230456,1678160235454,4998,,false;exposure8,2,2,Filler_N.Nomerae.F.L_W.Hamburger.M.R.wav,77,word,1678160236465,1678160238560,2095,,false;exposure8,3,6,Filler_N.Bamtell.M.L_W.Tactical.F.R.wav,88,non-word,1678160239569,1678160242294,2725,,false;exposure8,4,3,Filler_N.Nempring.M.L_W.Identical.F.R.wav,88,non-word,1678160243304,1678160246502,3198,,false;exposure8,5,1,Critical_S.Eraser.M.L_Sh.Publisher.F.R.wav,77,word,1678160247511,1678160249337,1826,,false;exposure8,6,0,Critical_Ash.Flourishing.M.L_As.Arkansas.F.R.wav,77,word,1678160250344,1678160252420,2076,,false;exposure8,7,5,Filler_N.Baliber.F.L_W.Purgatory.M.R.wav,77,word,1678160253432,1678160255569,2137,,false;",
511,Condition.33_M_L_A_S_01_A_0_0,"exposure8,0,7,Filler_W.Terminal.F.L_N.Bowidai.M.R.wav,77,non-word,1678211169617,1678211171278,1661,,false;exposure8,1,4,Filler_W.Illuminate.F.L_N.Niritaly.M.R.wav,77,non-word,1678211172288,1678211174526,2238,,false;exposure8,2,6,Filler_N.Bamtell.M.L_W.Tactical.F.R.wav,77,non-word,1678211175539,1678211177566,2027,,false;exposure8,3,0,Critical_As.Arkansas.M.L_Ash.Flourishing.F.R.wav,88,word,1678211178570,1678211180322,1752,,false;exposure8,4,5,Filler_N.Baliber.F.L_W.Purgatory.M.R.wav,88,word,1678211181337,1678211183047,1710,,false;exposure8,5,3,Filler_N.Nempring.M.L_W.Identical.F.R.wav,88,word,1678211184051,1678211185973,1922,,false;exposure8,6,1,Critical_Sh.Publisher.M.L_S.Eraser.F.R.wav,88,word,1678211186977,1678211188618,1641,,false;exposure8,7,2,Filler_N.Nomerae.F.L_W.Hamburger.M.R.wav,88,word,1678211189632,1678211191614,1982,,false;",
470,Condition.37_M_L_A_S_01_B_0_0,"exposure8,0,6,Filler_N.Bamtell.M.L_W.Tactical.F.R.wav,77,non-word,1678209865169,1678209867877,2708,,false;exposure8,1,1,Critical_Sh.Publisher.M.L_S.Eraser.F.R.wav,88,word,1678209868881,1678209870738,1857,,false;exposure8,2,0,Critical_As.Arkansas.M.L_Ash.Flourishing.F.R.wav,88,word,1678209871745,1678209873767,2022,,false;exposure8,3,3,Filler_N.Nempring.M.L_W.Identical.F.R.wav,77,non-word,1678209874777,1678209876802,2025,,false;exposure8,4,2,Filler_N.Nomerae.F.L_W.Hamburger.M.R.wav,88,word,1678209877809,1678209879811,2002,,false;exposure8,5,7,Filler_W.Terminal.F.L_N.Bowidai.M.R.wav,77,non-word,1678209880817,1678209882797,1980,,false;exposure8,6,4,Filler_W.Illuminate.F.L_N.Niritaly.M.R.wav,77,non-word,1678209883801,1678209886103,2302,,false;exposure8,7,5,Filler_N.Baliber.F.L_W.Purgatory.M.R.wav,88,word,1678209887114,1678209889105,1991,,false;",
465,Condition.39_M_L_A_S_01_B_1_0,"exposure8,0,3,Filler_N.Nempring.M.L_W.Identical.F.R.wav,88,non-word,1678209494971,1678209496610,1639,,false;exposure8,1,4,Filler_W.Illuminate.F.L_N.Niritaly.M.R.wav,88,non-word,1678209497625,1678209499274,1649,,false;exposure8,2,6,Filler_N.Bamtell.M.L_W.Tactical.F.R.wav,88,non-word,1678209500282,1678209501834,1552,,false;exposure8,3,0,Critical_As.Arkansas.M.L_Ash.Flourishing.F.R.wav,77,word,1678209502840,1678209504534,1694,,false;exposure8,4,5,Filler_N.Baliber.F.L_W.Purgatory.M.R.wav,77,word,1678209505542,1678209506998,1456,,false;exposure8,5,1,Critical_Sh.Publisher.M.L_S.Eraser.F.R.wav,77,word,1678209508000,1678209509374,1374,,false;exposure8,6,2,Filler_N.Nomerae.F.L_W.Hamburger.M.R.wav,77,word,1678209510391,1678209511790,1399,,false;exposure8,7,7,Filler_W.Terminal.F.L_N.Bowidai.M.R.wav,88,non-word,1678209512800,1678209514141,1341,,false;",
456,Condition.13_F_L_A_S_05_B_0_0,"exposure8,0,1,Critical_Sh.Negotiate.F.L_S.Embassy.M.R.wav,88,word,1678208704690,1678208712141,7451,,false;exposure8,1,2,Filler_N.Tilegkalo.M.L_W.Camera.F.R.wav,77,non-word,1678208713147,1678208714961,1814,,false;exposure8,2,0,Critical_As.Medicine.F.L_Ash.Brochure.M.R.wav,88,word,1678208715964,1678208717706,1742,,false;exposure8,3,4,Filler_W.Domineering.M.L_N.Tamical.F.R.wav,77,non-word,1678208718708,1678208720426,1718,,false;exposure8,4,3,Filler_N.Ryligal.F.L_W.Continually.M.R.wav,77,non-word,1678208721431,1678208723629,2198,,false;exposure8,5,6,Filler_N.Ibirak.F.L_W.Negate.M.R.wav,77,non-word,1678208724633,1678208726804,2171,,false;exposure8,6,7,Filler_W.Nightmare.M.L_N.Gerbualo.F.R.wav,77,non-word,1678208727808,1678208729872,2064,,false;exposure8,7,5,Filler_N.Hintarber.M.L_W.Melancholy.F.R.wav,88,word,1678208730875,1678208733690,2815,,false;",
454,Condition.29_F_L_A_Sh_05_B_0_0,"exposure8,0,3,Filler_N.Ryligal.F.L_W.Continually.M.R.wav,77,non-word,1678208319133,1678208321196,2063,,false;exposure8,1,7,Filler_W.Nightmare.M.L_N.Gerbualo.F.R.wav,77,non-word,1678208322204,1678208324735,2531,,false;exposure8,2,5,Filler_N.Hintarber.M.L_W.Melancholy.F.R.wav,88,word,1678208325738,1678208327484,1746,,false;exposure8,3,6,Filler_N.Ibirak.F.L_W.Negate.M.R.wav,77,non-word,1678208328491,1678208330144,1653,,false;exposure8,4,4,Filler_W.Domineering.M.L_N.Tamical.F.R.wav,77,non-word,1678208331155,1678208334122,2967,,false;exposure8,5,0,Critical_Ash.Brochure.F.L_As.Medicine.M.R.wav,88,word,1678208335132,1678208336929,1797,,false;exposure8,6,2,Filler_N.Tilegkalo.M.L_W.Camera.F.R.wav,77,non-word,1678208337944,1678208339810,1866,,false;exposure8,7,1,Critical_S.Embassy.F.L_Sh.Negotiate.M.R.wav,88,word,1678208340821,1678208342602,1781,,false;",
472,Condition.53_M_L_A_Sh_01_B_0_0,"exposure8,0,5,Filler_N.Baliber.F.L_W.Purgatory.M.R.wav,88,word,1678209978527,1678209980422,1895,,false;exposure8,1,7,Filler_W.Terminal.F.L_N.Bowidai.M.R.wav,77,non-word,1678209981432,1678209983068,1636,,false;exposure8,2,2,Filler_N.Nomerae.F.L_W.Hamburger.M.R.wav,88,word,1678209984082,1678209985799,1717,,false;exposure8,3,4,Filler_W.Illuminate.F.L_N.Niritaly.M.R.wav,77,non-word,1678209986822,1678209988516,1694,,false;exposure8,4,1,Critical_S.Eraser.M.L_Sh.Publisher.F.R.wav,88,word,1678209989532,1678209991159,1627,,false;exposure8,5,0,Critical_Ash.Flourishing.M.L_As.Arkansas.F.R.wav,88,word,1678209992172,1678209993832,1660,,false;exposure8,6,3,Filler_N.Nempring.M.L_W.Identical.F.R.wav,77,non-word,1678209994838,1678209996556,1718,,false;exposure8,7,6,Filler_N.Bamtell.M.L_W.Tactical.F.R.wav,77,non-word,1678209997567,1678209999667,2100,,false;",
537,Condition.55_M_L_A_Sh_01_B_1_0,"exposure8,0,2,Filler_N.Nomerae.F.L_W.Hamburger.M.R.wav,77,word,1678211641525,1678211643069,1544,,false;exposure8,1,7,Filler_W.Terminal.F.L_N.Bowidai.M.R.wav,88,non-word,1678211644071,1678211645656,1585,,false;exposure8,2,5,Filler_N.Baliber.F.L_W.Purgatory.M.R.wav,77,word,1678211646673,1678211648261,1588,,false;exposure8,3,3,Filler_N.Nempring.M.L_W.Identical.F.R.wav,88,non-word,1678211649272,1678211650942,1670,,false;exposure8,4,4,Filler_W.Illuminate.F.L_N.Niritaly.M.R.wav,88,non-word,1678211651948,1678211654032,2084,,false;exposure8,5,1,Critical_S.Eraser.M.L_Sh.Publisher.F.R.wav,77,word,1678211655045,1678211656651,1606,,false;exposure8,6,0,Critical_Ash.Flourishing.M.L_As.Arkansas.F.R.wav,77,word,1678211657663,1678211659349,1686,,false;exposure8,7,6,Filler_N.Bamtell.M.L_W.Tactical.F.R.wav,88,non-word,1678211660367,1678211661990,1623,,false;",
467,Condition.56_M_L_A_Sh_01_B_1_1,"exposure8,0,3,Filler_N.Nempring.M.L_W.Identical.F.R.wav,88,non-word,1678209510386,1678209511905,1519,,false;exposure8,1,2,Filler_N.Nomerae.F.L_W.Hamburger.M.R.wav,88,non-word,1678209512926,1678209514297,1371,,false;exposure8,2,0,Critical_Ash.Flourishing.M.L_As.Arkansas.F.R.wav,77,word,1678209515316,1678209516937,1621,,false;exposure8,3,6,Filler_N.Bamtell.M.L_W.Tactical.F.R.wav,88,non-word,1678209517956,1678209519473,1517,,false;exposure8,4,4,Filler_W.Illuminate.F.L_N.Niritaly.M.R.wav,77,word,1678209520486,1678209521976,1490,,false;exposure8,5,5,Filler_N.Baliber.F.L_W.Purgatory.M.R.wav,88,non-word,1678209522986,1678209524425,1439,,false;exposure8,6,1,Critical_S.Eraser.M.L_Sh.Publisher.F.R.wav,77,word,1678209525435,1678209527001,1566,,false;exposure8,7,7,Filler_W.Terminal.F.L_N.Bowidai.M.R.wav,77,word,1678209528007,1678209529521,1514,,false;",
548,Condition.22_F_L_A_Sh_01_B_0_1,"exposure8,0,4,Filler_W.Illuminate.M.L_N.Niritaly.F.R.wav,77,non-word,1678212408294,1678212410132,1838,,false;exposure8,1,2,Filler_N.Nomerae.M.L_W.Hamburger.F.R.wav,88,word,1678212411143,1678212412856,1713,,false;exposure8,2,1,Critical_S.Eraser.F.L_Sh.Publisher.M.R.wav,88,word,1678212413864,1678212415622,1758,,false;exposure8,3,3,Filler_N.Nempring.F.L_W.Identical.M.R.wav,77,non-word,1678212416633,1678212418673,2040,,false;exposure8,4,7,Filler_W.Terminal.M.L_N.Bowidai.F.R.wav,77,non-word,1678212419682,1678212422601,2919,,false;exposure8,5,5,Filler_N.Baliber.M.L_W.Purgatory.F.R.wav,88,word,1678212423608,1678212427233,3625,,false;exposure8,6,0,Critical_Ash.Flourishing.F.L_As.Arkansas.M.R.wav,77,non-word,1678212428237,1678212429882,1645,,false;exposure8,7,6,Filler_N.Bamtell.F.L_W.Tactical.M.R.wav,77,non-word,1678212430886,1678212432618,1732,,false;",
460,Condition.19_F_L_A_Sh_01_A_1_0,"exposure8,0,3,Filler_N.Nempring.F.L_W.Identical.M.R.wav,88,non-word,1678209193981,1678209195485,1504,,false;exposure8,1,4,Filler_W.Illuminate.M.L_N.Niritaly.F.R.wav,88,non-word,1678209196491,1678209198118,1627,,false;exposure8,2,6,Filler_N.Bamtell.F.L_W.Tactical.M.R.wav,88,non-word,1678209199127,1678209200550,1423,,false;exposure8,3,0,Critical_Ash.Flourishing.F.L_As.Arkansas.M.R.wav,77,word,1678209201555,1678209203120,1565,,false;exposure8,4,2,Filler_N.Nomerae.M.L_W.Hamburger.F.R.wav,77,word,1678209204123,1678209205652,1529,,false;exposure8,5,1,Critical_S.Eraser.F.L_Sh.Publisher.M.R.wav,77,word,1678209206658,1678209208237,1579,,false;exposure8,6,5,Filler_N.Baliber.M.L_W.Purgatory.F.R.wav,77,word,1678209209243,1678209210876,1633,,false;exposure8,7,7,Filler_W.Terminal.M.L_N.Bowidai.F.R.wav,88,non-word,1678209211879,1678209213335,1456,,false;",
447,Condition.16_F_L_A_S_05_B_1_1,"exposure8,0,3,Filler_N.Ryligal.F.L_W.Continually.M.R.wav,88,non-word,1678155209017,1678155210739,1722,,false;exposure8,1,1,Critical_Sh.Negotiate.F.L_S.Embassy.M.R.wav,77,word,1678155211749,1678155213372,1623,,false;exposure8,2,7,Filler_W.Nightmare.M.L_N.Gerbualo.F.R.wav,88,non-word,1678155214382,1678155215947,1565,,false;exposure8,3,4,Filler_W.Domineering.M.L_N.Tamical.F.R.wav,88,non-word,1678155216955,1678155218507,1552,,false;exposure8,4,6,Filler_N.Ibirak.F.L_W.Negate.M.R.wav,88,non-word,1678155219521,1678155221068,1547,,false;exposure8,5,0,Critical_As.Medicine.F.L_Ash.Brochure.M.R.wav,77,word,1678155222077,1678155225763,3686,,false;exposure8,6,5,Filler_N.Hintarber.M.L_W.Melancholy.F.R.wav,77,word,1678155226771,1678155228716,1945,,false;exposure8,7,2,Filler_N.Tilegkalo.M.L_W.Camera.F.R.wav,77,word,1678155229733,1678155231531,1798,,false;",
443,Condition.11_F_L_A_S_05_A_1_0,"exposure8,0,4,Filler_W.Domineering.M.L_N.Tamical.F.R.wav,88,non-word,1678143154056,1678143156847,2791,,false;exposure8,1,5,Filler_N.Hintarber.M.L_W.Melancholy.F.R.wav,77,word,1678143157861,1678143159445,1584,,false;exposure8,2,7,Filler_W.Nightmare.M.L_N.Gerbualo.F.R.wav,88,non-word,1678143160459,1678143161853,1394,,false;exposure8,3,3,Filler_N.Ryligal.F.L_W.Continually.M.R.wav,88,non-word,1678143162866,1678143166094,3228,,false;exposure8,4,0,Critical_As.Medicine.F.L_Ash.Brochure.M.R.wav,77,word,1678143167113,1678143168376,1263,,false;exposure8,5,1,Critical_Sh.Negotiate.F.L_S.Embassy.M.R.wav,77,word,1678143169392,1678143174976,5584,,false;exposure8,6,6,Filler_N.Ibirak.F.L_W.Negate.M.R.wav,88,non-word,1678143175990,1678143177672,1682,,false;exposure8,7,2,Filler_N.Tilegkalo.M.L_W.Camera.F.R.wav,88,non-word,1678143178677,1678143180388,1711,,false;",
453,Condition.10_F_L_A_S_05_A_0_1,"exposure8,0,4,Filler_W.Domineering.M.L_N.Tamical.F.R.wav,77,non-word,1678208023273,1678208024879,1606,,false;exposure8,1,5,Filler_N.Hintarber.M.L_W.Melancholy.F.R.wav,88,word,1678208025884,1678208027615,1731,,false;exposure8,2,7,Filler_W.Nightmare.M.L_N.Gerbualo.F.R.wav,77,non-word,1678208028623,1678208030175,1552,,false;exposure8,3,0,Critical_As.Medicine.F.L_Ash.Brochure.M.R.wav,88,word,1678208031188,1678208032695,1507,,false;exposure8,4,1,Critical_Sh.Negotiate.F.L_S.Embassy.M.R.wav,88,word,1678208033701,1678208035398,1697,,false;exposure8,5,6,Filler_N.Ibirak.F.L_W.Negate.M.R.wav,77,non-word,1678208036402,1678208037942,1540,,false;exposure8,6,3,Filler_N.Ryligal.F.L_W.Continually.M.R.wav,77,non-word,1678208038959,1678208040606,1647,,false;exposure8,7,2,Filler_N.Tilegkalo.M.L_W.Camera.F.R.wav,77,non-word,1678208041616,1678208043039,1423,,false;",
494,Condition.18_F_L_A_Sh_01_A_0_1,"exposure8,0,0,Critical_Ash.Flourishing.F.L_As.Arkansas.M.R.wav,88,word,1678210923660,1678210925689,2029,,false;exposure8,1,2,Filler_N.Nomerae.M.L_W.Hamburger.F.R.wav,88,word,1678210926706,1678210928475,1769,,false;exposure8,2,5,Filler_N.Baliber.M.L_W.Purgatory.F.R.wav,88,word,1678210929493,1678210931290,1797,,false;exposure8,3,7,Filler_W.Terminal.M.L_N.Bowidai.F.R.wav,77,non-word,1678210932307,1678210933695,1388,,false;exposure8,4,4,Filler_W.Illuminate.M.L_N.Niritaly.F.R.wav,77,non-word,1678210934711,1678210936724,2013,,false;exposure8,5,1,Critical_S.Eraser.F.L_Sh.Publisher.M.R.wav,88,word,1678210937733,1678210939265,1532,,false;exposure8,6,6,Filler_N.Bamtell.F.L_W.Tactical.M.R.wav,77,non-word,1678210940273,1678210942232,1959,,false;exposure8,7,3,Filler_N.Nempring.F.L_W.Identical.M.R.wav,77,non-word,1678210943248,1678210945543,2295,,false;",
550,Condition.36_M_L_A_S_01_A_1_1,"exposure8,0,4,Filler_W.Illuminate.F.L_N.Niritaly.M.R.wav,88,non-word,1678217690479,1678217692405,1926,,false;exposure8,1,2,Filler_N.Nomerae.F.L_W.Hamburger.M.R.wav,77,word,1678217693416,1678217694909,1493,,false;exposure8,2,6,Filler_N.Bamtell.M.L_W.Tactical.F.R.wav,88,non-word,1678217695919,1678217697413,1494,,false;exposure8,3,7,Filler_W.Terminal.F.L_N.Bowidai.M.R.wav,88,non-word,1678217698424,1678217700206,1782,,false;exposure8,4,3,Filler_N.Nempring.M.L_W.Identical.F.R.wav,88,non-word,1678217701215,1678217703021,1806,,false;exposure8,5,0,Critical_As.Arkansas.M.L_Ash.Flourishing.F.R.wav,77,word,1678217704032,1678217705509,1477,,false;exposure8,6,5,Filler_N.Baliber.F.L_W.Purgatory.M.R.wav,77,word,1678217706520,1678217707966,1446,,false;exposure8,7,1,Critical_Sh.Publisher.M.L_S.Eraser.F.R.wav,77,word,1678217708975,1678217710397,1422,,false;",
549,Condition.59_M_L_A_Sh_05_A_1_0,"exposure8,0,3,Filler_N.Ryligal.M.L_W.Continually.F.R.wav,77,word,1678213763729,1678213765449,1720,,false;exposure8,1,7,Filler_W.Nightmare.F.L_N.Gerbualo.M.R.wav,88,non-word,1678213766466,1678213769187,2721,,false;exposure8,2,6,Filler_N.Ibirak.M.L_W.Negate.F.R.wav,88,non-word,1678213770201,1678213772155,1954,,false;exposure8,3,1,Critical_S.Embassy.M.L_Sh.Negotiate.F.R.wav,77,word,1678213773166,1678213775014,1848,,false;exposure8,4,2,Filler_N.Tilegkalo.F.L_W.Camera.M.R.wav,77,word,1678213776036,1678213777645,1609,,false;exposure8,5,4,Filler_W.Domineering.F.L_N.Tamical.M.R.wav,77,word,1678213778666,1678213780199,1533,,false;exposure8,6,0,Critical_Ash.Brochure.M.L_As.Medicine.F.R.wav,77,word,1678213781205,1678213783117,1912,,false;exposure8,7,5,Filler_N.Hintarber.F.L_W.Melancholy.M.R.wav,77,word,1678213784126,1678213786490,2364,,false;",
543,Condition.6_F_L_A_S_01_B_0_1,"exposure8,0,4,Filler_W.Illuminate.M.L_N.Niritaly.F.R.wav,77,non-word,1678211894270,1678211896097,1827,,false;exposure8,1,1,Critical_Sh.Publisher.F.L_S.Eraser.M.R.wav,88,word,1678211897099,1678211898765,1666,,false;exposure8,2,0,Critical_As.Arkansas.F.L_Ash.Flourishing.M.R.wav,88,word,1678211899767,1678211901576,1809,,false;exposure8,3,6,Filler_N.Bamtell.F.L_W.Tactical.M.R.wav,77,non-word,1678211902578,1678211904756,2178,,false;exposure8,4,2,Filler_N.Nomerae.M.L_W.Hamburger.F.R.wav,88,word,1678211905759,1678211907634,1875,,false;exposure8,5,3,Filler_N.Nempring.F.L_W.Identical.M.R.wav,77,non-word,1678211908636,1678211910070,1434,,false;exposure8,6,7,Filler_W.Terminal.M.L_N.Bowidai.F.R.wav,77,non-word,1678211911073,1678211913414,2341,,false;exposure8,7,5,Filler_N.Baliber.M.L_W.Purgatory.F.R.wav,88,word,1678211914416,1678211916563,2147,,false;",
448,Condition.3_F_L_A_S_01_A_1_0,"exposure8,0,2,Filler_N.Nomerae.M.L_W.Hamburger.F.R.wav,77,word,1678155743678,1678155745422,1744,,false;exposure8,1,7,Filler_W.Terminal.M.L_N.Bowidai.F.R.wav,88,non-word,1678155746448,1678155748222,1774,,false;exposure8,2,3,Filler_N.Nempring.F.L_W.Identical.M.R.wav,88,non-word,1678155749234,1678155751414,2180,,false;exposure8,3,6,Filler_N.Bamtell.F.L_W.Tactical.M.R.wav,88,non-word,1678155752423,1678155754390,1967,,false;exposure8,4,1,Critical_Sh.Publisher.F.L_S.Eraser.M.R.wav,88,non-word,1678155755408,1678155758478,3070,,false;exposure8,5,5,Filler_N.Baliber.M.L_W.Purgatory.F.R.wav,77,word,1678155759500,1678155761350,1850,,false;exposure8,6,4,Filler_W.Illuminate.M.L_N.Niritaly.F.R.wav,88,non-word,1678155762358,1678155764318,1960,,false;exposure8,7,0,Critical_As.Arkansas.F.L_Ash.Flourishing.M.R.wav,77,word,1678155765338,1678155767190,1852,,false;",
524,Condition.24_F_L_A_Sh_01_B_1_1,"exposure8,0,0,Critical_Ash.Flourishing.F.L_As.Arkansas.M.R.wav,77,word,1678211352932,1678211354690,1758,,false;exposure8,1,6,Filler_N.Bamtell.F.L_W.Tactical.M.R.wav,88,non-word,1678211355710,1678211357002,1292,,false;exposure8,2,2,Filler_N.Nomerae.M.L_W.Hamburger.F.R.wav,77,word,1678211358010,1678211359522,1512,,false;exposure8,3,4,Filler_W.Illuminate.M.L_N.Niritaly.F.R.wav,88,non-word,1678211360539,1678211362066,1527,,false;exposure8,4,5,Filler_N.Baliber.M.L_W.Purgatory.F.R.wav,77,word,1678211363080,1678211364467,1387,,false;exposure8,5,7,Filler_W.Terminal.M.L_N.Bowidai.F.R.wav,88,non-word,1678211365490,1678211367042,1552,,false;exposure8,6,3,Filler_N.Nempring.F.L_W.Identical.M.R.wav,88,non-word,1678211368055,1678211369682,1627,,false;exposure8,7,1,Critical_S.Eraser.F.L_Sh.Publisher.M.R.wav,77,word,1678211370700,1678211372099,1399,,false;",
521,Condition.24_F_L_A_Sh_01_B_1_1,"exposure8,0,4,Filler_W.Illuminate.M.L_N.Niritaly.F.R.wav,88,non-word,1678211433489,1678211435417,1928,,false;exposure8,1,0,Critical_Ash.Flourishing.F.L_As.Arkansas.M.R.wav,88,non-word,1678211436426,1678211438617,2191,,false;exposure8,2,2,Filler_N.Nomerae.M.L_W.Hamburger.F.R.wav,77,word,1678211439619,1678211441457,1838,,false;exposure8,3,6,Filler_N.Bamtell.F.L_W.Tactical.M.R.wav,88,non-word,1678211442468,1678211445210,2742,,false;exposure8,4,5,Filler_N.Baliber.M.L_W.Purgatory.F.R.wav,77,word,1678211446221,1678211447905,1684,,false;exposure8,5,3,Filler_N.Nempring.F.L_W.Identical.M.R.wav,77,word,1678211448916,1678211451842,2926,,false;exposure8,6,7,Filler_W.Terminal.M.L_N.Bowidai.F.R.wav,88,non-word,1678211452845,1678211455513,2668,,false;exposure8,7,1,Critical_S.Eraser.F.L_Sh.Publisher.M.R.wav,77,word,1678211456526,1678211458378,1852,,false;",
482,Condition.46_M_L_A_S_05_B_0_1,"exposure8,0,4,Filler_W.Domineering.F.L_N.Tamical.M.R.wav,77,non-word,1678210569786,1678210571521,1735,,false;exposure8,1,5,Filler_N.Hintarber.F.L_W.Melancholy.M.R.wav,88,word,1678210572534,1678210574184,1650,,false;exposure8,2,6,Filler_N.Ibirak.M.L_W.Negate.F.R.wav,77,non-word,1678210575193,1678210576753,1560,,false;exposure8,3,0,Critical_As.Medicine.M.L_Ash.Brochure.F.R.wav,88,word,1678210577761,1678210579288,1527,,false;exposure8,4,2,Filler_N.Tilegkalo.F.L_W.Camera.M.R.wav,77,non-word,1678210580302,1678210582105,1803,,false;exposure8,5,1,Critical_Sh.Negotiate.M.L_S.Embassy.F.R.wav,88,word,1678210583107,1678210584673,1566,,false;exposure8,6,3,Filler_N.Ryligal.M.L_W.Continually.F.R.wav,77,non-word,1678210585677,1678210587418,1741,,false;exposure8,7,7,Filler_W.Nightmare.F.L_N.Gerbualo.M.R.wav,77,non-word,1678210588429,1678210590209,1780,,false;",
540,Condition.35_M_L_A_S_01_A_1_0,"exposure8,0,6,Filler_N.Bamtell.M.L_W.Tactical.F.R.wav,88,non-word,1678211719181,1678211721144,1963,,false;exposure8,1,3,Filler_N.Nempring.M.L_W.Identical.F.R.wav,88,non-word,1678211722147,1678211723956,1809,,false;exposure8,2,5,Filler_N.Baliber.F.L_W.Purgatory.M.R.wav,77,word,1678211724969,1678211726566,1597,,false;exposure8,3,4,Filler_W.Illuminate.F.L_N.Niritaly.M.R.wav,88,non-word,1678211727575,1678211729536,1961,,false;exposure8,4,7,Filler_W.Terminal.F.L_N.Bowidai.M.R.wav,88,non-word,1678211730539,1678211732371,1832,,false;exposure8,5,2,Filler_N.Nomerae.F.L_W.Hamburger.M.R.wav,77,word,1678211733387,1678211735071,1684,,false;exposure8,6,1,Critical_Sh.Publisher.M.L_S.Eraser.F.R.wav,88,non-word,1678211736079,1678211737816,1737,,false;exposure8,7,0,Critical_As.Arkansas.M.L_Ash.Flourishing.F.R.wav,77,word,1678211738829,1678211741101,2272,,false;",
508,Condition.5_F_L_A_S_01_B_0_0,"exposure8,0,1,Critical_Sh.Publisher.F.L_S.Eraser.M.R.wav,88,word,1678211068789,1678211070313,1524,,false;exposure8,1,2,Filler_N.Nomerae.M.L_W.Hamburger.F.R.wav,88,word,1678211071319,1678211073113,1794,,false;exposure8,2,3,Filler_N.Nempring.F.L_W.Identical.M.R.wav,77,non-word,1678211074119,1678211075849,1730,,false;exposure8,3,6,Filler_N.Bamtell.F.L_W.Tactical.M.R.wav,77,non-word,1678211076859,1678211078725,1866,,false;exposure8,4,0,Critical_As.Arkansas.F.L_Ash.Flourishing.M.R.wav,88,word,1678211079738,1678211081502,1764,,false;exposure8,5,4,Filler_W.Illuminate.M.L_N.Niritaly.F.R.wav,77,non-word,1678211082513,1678211084958,2445,,false;exposure8,6,7,Filler_W.Terminal.M.L_N.Bowidai.F.R.wav,77,non-word,1678211085964,1678211087605,1641,,false;exposure8,7,5,Filler_N.Baliber.M.L_W.Purgatory.F.R.wav,88,word,1678211088611,1678211090077,1466,,false;",
458,Condition.26_F_L_A_Sh_05_A_0_1,"exposure8,0,6,Filler_N.Ibirak.F.L_W.Negate.M.R.wav,77,non-word,1678209183486,1678209184926,1440,,false;exposure8,1,7,Filler_W.Nightmare.M.L_N.Gerbualo.F.R.wav,77,non-word,1678209185938,1678209187686,1748,,false;exposure8,2,1,Critical_S.Embassy.F.L_Sh.Negotiate.M.R.wav,88,word,1678209188698,1678209190161,1463,,false;exposure8,3,4,Filler_W.Domineering.M.L_N.Tamical.F.R.wav,77,non-word,1678209191169,1678209192666,1497,,false;exposure8,4,2,Filler_N.Tilegkalo.M.L_W.Camera.F.R.wav,88,word,1678209193674,1678209195156,1482,,false;exposure8,5,0,Critical_Ash.Brochure.F.L_As.Medicine.M.R.wav,88,word,1678209196173,1678209197496,1323,,false;exposure8,6,3,Filler_N.Ryligal.F.L_W.Continually.M.R.wav,77,non-word,1678209198507,1678209200077,1570,,false;exposure8,7,5,Filler_N.Hintarber.M.L_W.Melancholy.F.R.wav,88,word,1678209201084,1678209202310,1226,,false;",
449,Condition.60_M_L_A_Sh_05_A_1_1,"exposure8,0,3,Filler_N.Ryligal.M.L_W.Continually.F.R.wav,88,non-word,1678155358509,1678155360424,1915,,false;exposure8,1,6,Filler_N.Ibirak.M.L_W.Negate.F.R.wav,88,non-word,1678155361429,1678155363160,1731,,false;exposure8,2,0,Critical_Ash.Brochure.M.L_As.Medicine.F.R.wav,77,word,1678155364165,1678155365893,1728,,false;exposure8,3,1,Critical_S.Embassy.M.L_Sh.Negotiate.F.R.wav,77,word,1678155366901,1678155368754,1853,,false;exposure8,4,4,Filler_W.Domineering.F.L_N.Tamical.M.R.wav,88,non-word,1678155369757,1678155371751,1994,,false;exposure8,5,5,Filler_N.Hintarber.F.L_W.Melancholy.M.R.wav,77,word,1678155372757,1678155374541,1784,,false;exposure8,6,2,Filler_N.Tilegkalo.F.L_W.Camera.M.R.wav,88,non-word,1678155375549,1678155377546,1997,,false;exposure8,7,7,Filler_W.Nightmare.F.L_N.Gerbualo.M.R.wav,88,non-word,1678155378557,1678155380584,2027,,false;",
444,Condition.2_F_L_A_S_01_A_0_1,"exposure8,0,2,Filler_N.Nomerae.M.L_W.Hamburger.F.R.wav,88,word,1678154172581,1678154174990,2409,,false;exposure8,1,3,Filler_N.Nempring.F.L_W.Identical.M.R.wav,77,non-word,1678154175994,1678154177948,1954,,false;exposure8,2,6,Filler_N.Bamtell.F.L_W.Tactical.M.R.wav,77,non-word,1678154178958,1678154180875,1917,,false;exposure8,3,5,Filler_N.Baliber.M.L_W.Purgatory.F.R.wav,88,word,1678154181886,1678154183552,1666,,false;exposure8,4,7,Filler_W.Terminal.M.L_N.Bowidai.F.R.wav,77,non-word,1678154184562,1678154186333,1771,,false;exposure8,5,4,Filler_W.Illuminate.M.L_N.Niritaly.F.R.wav,77,non-word,1678154187342,1678154189234,1892,,false;exposure8,6,0,Critical_As.Arkansas.F.L_Ash.Flourishing.M.R.wav,88,word,1678154190246,1678154192244,1998,,false;exposure8,7,1,Critical_Sh.Publisher.F.L_S.Eraser.M.R.wav,88,word,1678154193254,1678154195254,2000,,false;",
485,Condition.9_F_L_A_S_05_A_0_0,"exposure8,0,4,Filler_W.Domineering.M.L_N.Tamical.F.R.wav,77,non-word,1678210913849,1678210916268,2419,,false;exposure8,1,2,Filler_N.Tilegkalo.M.L_W.Camera.F.R.wav,88,word,1678210917279,1678210918975,1696,,false;exposure8,2,7,Filler_W.Nightmare.M.L_N.Gerbualo.F.R.wav,77,non-word,1678210919991,1678210921928,1937,,false;exposure8,3,5,Filler_N.Hintarber.M.L_W.Melancholy.F.R.wav,88,word,1678210922931,1678210924806,1875,,false;exposure8,4,3,Filler_N.Ryligal.F.L_W.Continually.M.R.wav,77,non-word,1678210925814,1678210928155,2341,,false;exposure8,5,6,Filler_N.Ibirak.F.L_W.Negate.M.R.wav,77,non-word,1678210929170,1678210935543,6373,,false;exposure8,6,0,Critical_As.Medicine.F.L_Ash.Brochure.M.R.wav,88,word,1678210936559,1678210938280,1721,,false;exposure8,7,1,Critical_Sh.Negotiate.F.L_S.Embassy.M.R.wav,88,word,1678210939285,1678210940956,1671,,false;",
504,Condition.50_M_L_A_Sh_01_A_0_1,"exposure8,0,0,Critical_Ash.Flourishing.M.L_As.Arkansas.F.R.wav,88,word,1678211129066,1678211130977,1911,,false;exposure8,1,7,Filler_W.Terminal.F.L_N.Bowidai.M.R.wav,77,non-word,1678211131996,1678211133706,1710,,false;exposure8,2,5,Filler_N.Baliber.F.L_W.Purgatory.M.R.wav,88,word,1678211134726,1678211136432,1706,,false;exposure8,3,6,Filler_N.Bamtell.M.L_W.Tactical.F.R.wav,77,non-word,1678211137446,1678211139151,1705,,false;exposure8,4,4,Filler_W.Illuminate.F.L_N.Niritaly.M.R.wav,77,non-word,1678211140157,1678211142137,1980,,false;exposure8,5,1,Critical_S.Eraser.M.L_Sh.Publisher.F.R.wav,88,word,1678211143146,1678211144774,1628,,false;exposure8,6,2,Filler_N.Nomerae.F.L_W.Hamburger.M.R.wav,88,word,1678211145786,1678211147562,1776,,false;exposure8,7,3,Filler_N.Nempring.M.L_W.Identical.F.R.wav,77,non-word,1678211148576,1678211150452,1876,,false;",
541,Condition.45_M_L_A_S_05_B_0_0,"exposure8,0,6,Filler_N.Ibirak.M.L_W.Negate.F.R.wav,77,non-word,1678211715918,1678211717345,1427,,false;exposure8,1,0,Critical_As.Medicine.M.L_Ash.Brochure.F.R.wav,88,word,1678211718364,1678211719686,1322,,false;exposure8,2,7,Filler_W.Nightmare.F.L_N.Gerbualo.M.R.wav,77,non-word,1678211720711,1678211722157,1446,,false;exposure8,3,2,Filler_N.Tilegkalo.F.L_W.Camera.M.R.wav,88,word,1678211723174,1678211724550,1376,,false;exposure8,4,1,Critical_Sh.Negotiate.M.L_S.Embassy.F.R.wav,88,word,1678211725562,1678211727126,1564,,false;exposure8,5,3,Filler_N.Ryligal.M.L_W.Continually.F.R.wav,77,non-word,1678211728138,1678211729687,1549,,false;exposure8,6,5,Filler_N.Hintarber.F.L_W.Melancholy.M.R.wav,88,word,1678211730707,1678211732173,1466,,false;exposure8,7,4,Filler_W.Domineering.F.L_N.Tamical.M.R.wav,77,non-word,1678211733184,1678211734642,1458,,false;",
463,Condition.51_M_L_A_Sh_01_A_1_0,"exposure8,0,6,Filler_N.Bamtell.M.L_W.Tactical.F.R.wav,88,non-word,1678209898425,1678209901358,2933,,false;exposure8,1,1,Critical_S.Eraser.M.L_Sh.Publisher.F.R.wav,77,word,1678209902362,1678209904776,2414,,false;exposure8,2,3,Filler_N.Nempring.M.L_W.Identical.F.R.wav,88,non-word,1678209905778,1678209908229,2451,,false;exposure8,3,2,Filler_N.Nomerae.F.L_W.Hamburger.M.R.wav,77,word,1678209909231,1678209911430,2199,,false;exposure8,4,0,Critical_Ash.Flourishing.M.L_As.Arkansas.F.R.wav,77,word,1678209912433,1678209915209,2776,,false;exposure8,5,5,Filler_N.Baliber.F.L_W.Purgatory.M.R.wav,77,word,1678209916212,1678209918160,1948,,false;exposure8,6,4,Filler_W.Illuminate.F.L_N.Niritaly.M.R.wav,88,non-word,1678209919163,1678209921842,2679,,false;exposure8,7,7,Filler_W.Terminal.F.L_N.Bowidai.M.R.wav,88,non-word,1678209922843,1678209925312,2469,,false;",
